Appointment Number,Doctor ID,Doctor Name,Appointment Date,Appointment Time,Appointment Status,ID
APT001,101,Dr. Smith,11/5/2024,8:39,COMPLETED,1
APT002,101,Dr. Smith,11/2/2024,6:48,BOOKED,2
APT003,104,Dr. Taylor,10/28/2024,3:52,COMPLETED,3
APT004,105,Dr. Anderson,11/8/2024,16:39,BOOKED,4
APT005,105,Dr. Anderson,11/10/2024,2:53,BOOKED,5
APT006,102,Dr. Johnson,10/18/2024,19:07,RESCHEDULED,6
APT007,105,Dr. Anderson,11/3/2024,19:30,BOOKED,7
APT008,105,Dr. Anderson,10/20/2024,2:52,RESCHEDULED,8
APT009,104,Dr. Taylor,10/22/2024,14:20,RESCHEDULED,9
APT010,103,Dr. Brown,10/18/2024,21:46,COMPLETED,10
APT011,102,Dr. Johnson,12/8/2024,21:56,RESCHEDULED,11
APT012,102,Dr. Johnson,12/6/2024,17:05,RESCHEDULED,12
APT013,104,Dr. Taylor,12/9/2024,19:15,BOOKED,13
APT014,105,Dr. Anderson,11/28/2024,7:08,BOOKED,14
APT015,102,Dr. Johnson,11/27/2024,17:49,BOOKED,15
APT016,104,Dr. Taylor,12/6/2024,19:01,CANCELLED,16
APT017,102,Dr. Johnson,12/12/2024,23:38,COMPLETED,17
APT018,102,Dr. Johnson,10/25/2024,5:47,RESCHEDULED,18
APT019,102,Dr. Johnson,10/23/2024,2:19,COMPLETED,19
APT020,103,Dr. Brown,11/10/2024,8:53,RESCHEDULED,20
APT021,104,Dr. Taylor,12/13/2024,14:49,COMPLETED,21
APT022,103,Dr. Brown,10/22/2024,7:32,CANCELLED,22
APT023,105,Dr. Anderson,11/23/2024,6:55,RESCHEDULED,23
APT024,101,Dr. Smith,11/9/2024,22:34,RESCHEDULED,24
APT025,102,Dr. Johnson,12/6/2024,17:02,COMPLETED,25
APT026,104,Dr. Taylor,10/22/2024,8:56,BOOKED,26
APT027,103,Dr. Brown,10/18/2024,10:41,BOOKED,27
APT028,105,Dr. Anderson,12/10/2024,22:45,CANCELLED,28
APT029,101,Dr. Smith,12/1/2024,18:23,CANCELLED,29
APT030,102,Dr. Johnson,10/26/2024,20:38,BOOKED,30
APT031,101,Dr. Smith,10/17/2024,4:51,CANCELLED,31
APT032,105,Dr. Anderson,10/19/2024,10:16,BOOKED,32
APT033,102,Dr. Johnson,11/22/2024,17:41,COMPLETED,33
APT034,103,Dr. Brown,11/17/2024,15:11,CANCELLED,34
APT035,101,Dr. Smith,11/25/2024,12:13,RESCHEDULED,35
APT036,103,Dr. Brown,11/23/2024,7:47,RESCHEDULED,36
APT037,102,Dr. Johnson,11/26/2024,11:02,BOOKED,37
APT038,102,Dr. Johnson,11/11/2024,9:15,BOOKED,38
APT039,102,Dr. Johnson,11/10/2024,19:42,BOOKED,39
APT040,102,Dr. Johnson,12/12/2024,16:58,BOOKED,40
APT041,105,Dr. Anderson,10/30/2024,9:51,RESCHEDULED,41
APT042,104,Dr. Taylor,11/22/2024,3:18,CANCELLED,42
APT043,103,Dr. Brown,11/11/2024,16:28,CANCELLED,43
APT044,104,Dr. Taylor,10/26/2024,21:11,CANCELLED,44
APT045,102,Dr. Johnson,11/28/2024,17:06,COMPLETED,45
APT046,105,Dr. Anderson,12/16/2024,3:48,CANCELLED,46
APT047,104,Dr. Taylor,12/14/2024,10:55,BOOKED,47
APT048,104,Dr. Taylor,12/12/2024,21:04,RESCHEDULED,48
APT049,104,Dr. Taylor,10/25/2024,8:03,BOOKED,49
APT050,103,Dr. Brown,11/24/2024,20:49,RESCHEDULED,50
